{
    "mse": 0.7745666144266845,
    "r2": 0.22611162722282363
}