{
    "mse": 0.7737894074216901,
    "r2": 0.2268881536741365
}