{
    "mse": 0.8080040572533237,
    "r2": 0.19270346356463253
}