{
    "mse": 0.7745069085063264,
    "r2": 0.2261712808622789
}